13659,0,"7,8",Safestay Passeig de Gràcia,https://www.booking.com/hotel/es/centric-point-hostel.es.html?from=searchresults#hotelTmpl,Exteriores,Terraza
13659,0,"7,8",Safestay Passeig de Gràcia,https://www.booking.com/hotel/es/centric-point-hostel.es.html?from=searchresults#hotelTmpl,Mascotas,No se admiten.
13659,0,"7,8",Safestay Passeig de Gràcia,https://www.booking.com/hotel/es/centric-point-hostel.es.html?from=searchresults#hotelTmpl,Actividades,Música / espectáculos en directo
13659,0,"7,8",Safestay Passeig de Gràcia,https://www.booking.com/hotel/es/centric-point-hostel.es.html?from=searchresults#hotelTmpl,Actividades,Tours en biciDe pago
13659,0,"7,8",Safestay Passeig de Gràcia,https://www.booking.com/hotel/es/centric-point-hostel.es.html?from=searchresults#hotelTmpl,Actividades,Tours a pie
13659,0,"7,8",Safestay Passeig de Gràcia,https://www.booking.com/hotel/es/centric-point-hostel.es.html?from=searchresults#hotelTmpl,Actividades,Ruta de baresDe pago
13659,0,"7,8",Safestay Passeig de Gràcia,https://www.booking.com/hotel/es/centric-point-hostel.es.html?from=searchresults#hotelTmpl,Actividades,Entretenimiento nocturno
13659,0,"7,8",Safestay Passeig de Gràcia,https://www.booking.com/hotel/es/centric-point-hostel.es.html?from=searchresults#hotelTmpl,Actividades,Sala de juegos
13659,0,"7,8",Safestay Passeig de Gràcia,https://www.booking.com/hotel/es/centric-point-hostel.es.html?from=searchresults#hotelTmpl,Comida & bebida,Bar
13659,0,"7,8",Safestay Passeig de Gràcia,https://www.booking.com/hotel/es/centric-point-hostel.es.html?from=searchresults#hotelTmpl,Internet,Hay conexión a internet Wi-Fi disponible en las habitaciones. De pago.
13659,0,"7,8",Safestay Passeig de Gràcia,https://www.booking.com/hotel/es/centric-point-hostel.es.html?from=searchresults#hotelTmpl,Internet,¡Gratis!Hay conexión a internet Wi-Fi disponible en las zonas comunes. Gratis.
13659,0,"7,8",Safestay Passeig de Gràcia,https://www.booking.com/hotel/es/centric-point-hostel.es.html?from=searchresults#hotelTmpl,Aparcamiento,No hay parking.
13659,0,"7,8",Safestay Passeig de Gràcia,https://www.booking.com/hotel/es/centric-point-hostel.es.html?from=searchresults#hotelTmpl,Servicios,Zona TV / salón de uso compartido
13659,0,"7,8",Safestay Passeig de Gràcia,https://www.booking.com/hotel/es/centric-point-hostel.es.html?from=searchresults#hotelTmpl,Servicios,GuardaequipajeDe pago
13659,0,"7,8",Safestay Passeig de Gràcia,https://www.booking.com/hotel/es/centric-point-hostel.es.html?from=searchresults#hotelTmpl,Servicios,Venta de entradas
13659,0,"7,8",Safestay Passeig de Gràcia,https://www.booking.com/hotel/es/centric-point-hostel.es.html?from=searchresults#hotelTmpl,Servicios,Fax / fotocopiadora
13659,0,"7,8",Safestay Passeig de Gràcia,https://www.booking.com/hotel/es/centric-point-hostel.es.html?from=searchresults#hotelTmpl,Servicios,Información turística
13659,0,"7,8",Safestay Passeig de Gràcia,https://www.booking.com/hotel/es/centric-point-hostel.es.html?from=searchresults#hotelTmpl,Servicios,Servicio de lavandería
13659,0,"7,8",Safestay Passeig de Gràcia,https://www.booking.com/hotel/es/centric-point-hostel.es.html?from=searchresults#hotelTmpl,Servicios,Recepción 24 horas
13659,0,"7,8",Safestay Passeig de Gràcia,https://www.booking.com/hotel/es/centric-point-hostel.es.html?from=searchresults#hotelTmpl,Oferta de ocio y servicios para familias,Juegos de mesa / puzles
13659,0,"7,8",Safestay Passeig de Gràcia,https://www.booking.com/hotel/es/centric-point-hostel.es.html?from=searchresults#hotelTmpl,General,WiFi de pago
13659,0,"7,8",Safestay Passeig de Gràcia,https://www.booking.com/hotel/es/centric-point-hostel.es.html?from=searchresults#hotelTmpl,General,Aire acondicionado
13659,0,"7,8",Safestay Passeig de Gràcia,https://www.booking.com/hotel/es/centric-point-hostel.es.html?from=searchresults#hotelTmpl,General,Prohibido fumar en todo el establecimiento
13659,0,"7,8",Safestay Passeig de Gràcia,https://www.booking.com/hotel/es/centric-point-hostel.es.html?from=searchresults#hotelTmpl,General,Calefacción
13659,0,"7,8",Safestay Passeig de Gràcia,https://www.booking.com/hotel/es/centric-point-hostel.es.html?from=searchresults#hotelTmpl,General,Ascensor
13659,0,"7,8",Safestay Passeig de Gràcia,https://www.booking.com/hotel/es/centric-point-hostel.es.html?from=searchresults#hotelTmpl,General,Habitaciones familiares
13659,0,"7,8",Safestay Passeig de Gràcia,https://www.booking.com/hotel/es/centric-point-hostel.es.html?from=searchresults#hotelTmpl,General,Habitaciones para no fumadores
13659,0,"7,8",Safestay Passeig de Gràcia,https://www.booking.com/hotel/es/centric-point-hostel.es.html?from=searchresults#hotelTmpl,Idiomas que se hablan,Catalán
13659,0,"7,8",Safestay Passeig de Gràcia,https://www.booking.com/hotel/es/centric-point-hostel.es.html?from=searchresults#hotelTmpl,Idiomas que se hablan,Inglés
13659,0,"7,8",Safestay Passeig de Gràcia,https://www.booking.com/hotel/es/centric-point-hostel.es.html?from=searchresults#hotelTmpl,Idiomas que se hablan,Español
770635,0,"9,3",Urquinaona,https://www.booking.com/hotel/es/chic-urquinaona.es.html?from=searchresults#hotelTmpl,Aparcamiento,No hay parking.
770635,0,"9,3",Urquinaona,https://www.booking.com/hotel/es/chic-urquinaona.es.html?from=searchresults#hotelTmpl,Internet,¡Gratis!Hay conexión a internet Wi-Fi disponible en las zonas comunes. Gratis.
770635,0,"9,3",Urquinaona,https://www.booking.com/hotel/es/chic-urquinaona.es.html?from=searchresults#hotelTmpl,Cocina,Mesa de comedor
770635,0,"9,3",Urquinaona,https://www.booking.com/hotel/es/chic-urquinaona.es.html?from=searchresults#hotelTmpl,Cocina,Cafetera
770635,0,"9,3",Urquinaona,https://www.booking.com/hotel/es/chic-urquinaona.es.html?from=searchresults#hotelTmpl,Cocina,Productos de limpieza
770635,0,"9,3",Urquinaona,https://www.booking.com/hotel/es/chic-urquinaona.es.html?from=searchresults#hotelTmpl,Cocina,Fogones
770635,0,"9,3",Urquinaona,https://www.booking.com/hotel/es/chic-urquinaona.es.html?from=searchresults#hotelTmpl,Cocina,Horno
770635,0,"9,3",Urquinaona,https://www.booking.com/hotel/es/chic-urquinaona.es.html?from=searchresults#hotelTmpl,Cocina,Utensilios de cocina
770635,0,"9,3",Urquinaona,https://www.booking.com/hotel/es/chic-urquinaona.es.html?from=searchresults#hotelTmpl,Cocina,Lavadora
770635,0,"9,3",Urquinaona,https://www.booking.com/hotel/es/chic-urquinaona.es.html?from=searchresults#hotelTmpl,Cocina,Microondas
770635,0,"9,3",Urquinaona,https://www.booking.com/hotel/es/chic-urquinaona.es.html?from=searchresults#hotelTmpl,Cocina,Nevera
770635,0,"9,3",Urquinaona,https://www.booking.com/hotel/es/chic-urquinaona.es.html?from=searchresults#hotelTmpl,Habitación,Armario
770635,0,"9,3",Urquinaona,https://www.booking.com/hotel/es/chic-urquinaona.es.html?from=searchresults#hotelTmpl,Baño,Toallas
770635,0,"9,3",Urquinaona,https://www.booking.com/hotel/es/chic-urquinaona.es.html?from=searchresults#hotelTmpl,Baño,Bidet
770635,0,"9,3",Urquinaona,https://www.booking.com/hotel/es/chic-urquinaona.es.html?from=searchresults#hotelTmpl,Baño,Secador de pelo
770635,0,"9,3",Urquinaona,https://www.booking.com/hotel/es/chic-urquinaona.es.html?from=searchresults#hotelTmpl,Baño,Bañera
770635,0,"9,3",Urquinaona,https://www.booking.com/hotel/es/chic-urquinaona.es.html?from=searchresults#hotelTmpl,Baño,Ropa de cama
770635,0,"9,3",Urquinaona,https://www.booking.com/hotel/es/chic-urquinaona.es.html?from=searchresults#hotelTmpl,Baño,Bañera o ducha
770635,0,"9,3",Urquinaona,https://www.booking.com/hotel/es/chic-urquinaona.es.html?from=searchresults#hotelTmpl,Baño,Baño privado
770635,0,"9,3",Urquinaona,https://www.booking.com/hotel/es/chic-urquinaona.es.html?from=searchresults#hotelTmpl,Baño,Aseo
770635,0,"9,3",Urquinaona,https://www.booking.com/hotel/es/chic-urquinaona.es.html?from=searchresults#hotelTmpl,Zona de estar,Zona de comedor
770635,0,"9,3",Urquinaona,https://www.booking.com/hotel/es/chic-urquinaona.es.html?from=searchresults#hotelTmpl,Zona de estar,Sofá
770635,0,"9,3",Urquinaona,https://www.booking.com/hotel/es/chic-urquinaona.es.html?from=searchresults#hotelTmpl,Zona de estar,Zona de estar
770635,0,"9,3",Urquinaona,https://www.booking.com/hotel/es/chic-urquinaona.es.html?from=searchresults#hotelTmpl,Equipamiento audiovisual y tecnológico,TV de pantalla plana
770635,0,"9,3",Urquinaona,https://www.booking.com/hotel/es/chic-urquinaona.es.html?from=searchresults#hotelTmpl,Instalaciones de la habitación,Plancha para ropa
770635,0,"9,3",Urquinaona,https://www.booking.com/hotel/es/chic-urquinaona.es.html?from=searchresults#hotelTmpl,Instalaciones de la habitación,Sofá cama
770635,0,"9,3",Urquinaona,https://www.booking.com/hotel/es/chic-urquinaona.es.html?from=searchresults#hotelTmpl,Instalaciones de la habitación,Suelo de madera o parquet
770635,0,"9,3",Urquinaona,https://www.booking.com/hotel/es/chic-urquinaona.es.html?from=searchresults#hotelTmpl,Mascotas,No se admiten.
770635,0,"9,3",Urquinaona,https://www.booking.com/hotel/es/chic-urquinaona.es.html?from=searchresults#hotelTmpl,Varios,Aire acondicionado
770635,0,"9,3",Urquinaona,https://www.booking.com/hotel/es/chic-urquinaona.es.html?from=searchresults#hotelTmpl,Varios,Prohibido fumar en todo el establecimiento
770635,0,"9,3",Urquinaona,https://www.booking.com/hotel/es/chic-urquinaona.es.html?from=searchresults#hotelTmpl,Varios,Calefacción
770635,0,"9,3",Urquinaona,https://www.booking.com/hotel/es/chic-urquinaona.es.html?from=searchresults#hotelTmpl,Varios,Ascensor
770635,0,"9,3",Urquinaona,https://www.booking.com/hotel/es/chic-urquinaona.es.html?from=searchresults#hotelTmpl,Varios,Habitaciones familiares
770635,0,"9,3",Urquinaona,https://www.booking.com/hotel/es/chic-urquinaona.es.html?from=searchresults#hotelTmpl,Varios,Habitaciones para no fumadores
770635,0,"9,3",Urquinaona,https://www.booking.com/hotel/es/chic-urquinaona.es.html?from=searchresults#hotelTmpl,Idiomas que se hablan,Inglés
770635,0,"9,3",Urquinaona,https://www.booking.com/hotel/es/chic-urquinaona.es.html?from=searchresults#hotelTmpl,Idiomas que se hablan,Español
584514,0,"8,1",Habitat Apartments Alibei,https://www.booking.com/hotel/es/habitat-apartments-alibei-barcelona.es.html?from=searchresults#hotelTmpl,Mascotas,No se admiten.
584514,0,"8,1",Habitat Apartments Alibei,https://www.booking.com/hotel/es/habitat-apartments-alibei-barcelona.es.html?from=searchresults#hotelTmpl,Internet,¡Gratis!Hay conexión a internet Wi-Fi disponible en las habitaciones. Gratis.
584514,0,"8,1",Habitat Apartments Alibei,https://www.booking.com/hotel/es/habitat-apartments-alibei-barcelona.es.html?from=searchresults#hotelTmpl,Aparcamiento,No hay parking.
584514,0,"8,1",Habitat Apartments Alibei,https://www.booking.com/hotel/es/habitat-apartments-alibei-barcelona.es.html?from=searchresults#hotelTmpl,Transporte,Servicio de traslado
584514,0,"8,1",Habitat Apartments Alibei,https://www.booking.com/hotel/es/habitat-apartments-alibei-barcelona.es.html?from=searchresults#hotelTmpl,Transporte,Traslado aeropuerto (de pago)
584514,0,"8,1",Habitat Apartments Alibei,https://www.booking.com/hotel/es/habitat-apartments-alibei-barcelona.es.html?from=searchresults#hotelTmpl,Transporte,Servicio de traslado (de pago)
584514,0,"8,1",Habitat Apartments Alibei,https://www.booking.com/hotel/es/habitat-apartments-alibei-barcelona.es.html?from=searchresults#hotelTmpl,Servicios de recepción,Caja fuerte
584514,0,"8,1",Habitat Apartments Alibei,https://www.booking.com/hotel/es/habitat-apartments-alibei-barcelona.es.html?from=searchresults#hotelTmpl,Varios,Aire acondicionado
584514,0,"8,1",Habitat Apartments Alibei,https://www.booking.com/hotel/es/habitat-apartments-alibei-barcelona.es.html?from=searchresults#hotelTmpl,Varios,Prohibido fumar en todo el establecimiento
584514,0,"8,1",Habitat Apartments Alibei,https://www.booking.com/hotel/es/habitat-apartments-alibei-barcelona.es.html?from=searchresults#hotelTmpl,Varios,Calefacción
584514,0,"8,1",Habitat Apartments Alibei,https://www.booking.com/hotel/es/habitat-apartments-alibei-barcelona.es.html?from=searchresults#hotelTmpl,Varios,Ascensor
584514,0,"8,1",Habitat Apartments Alibei,https://www.booking.com/hotel/es/habitat-apartments-alibei-barcelona.es.html?from=searchresults#hotelTmpl,Varios,Habitaciones familiares
584514,0,"8,1",Habitat Apartments Alibei,https://www.booking.com/hotel/es/habitat-apartments-alibei-barcelona.es.html?from=searchresults#hotelTmpl,Varios,Habitaciones para no fumadores
584514,0,"8,1",Habitat Apartments Alibei,https://www.booking.com/hotel/es/habitat-apartments-alibei-barcelona.es.html?from=searchresults#hotelTmpl,Idiomas que se hablan,Inglés
584514,0,"8,1",Habitat Apartments Alibei,https://www.booking.com/hotel/es/habitat-apartments-alibei-barcelona.es.html?from=searchresults#hotelTmpl,Idiomas que se hablan,Español
584514,0,"8,1",Habitat Apartments Alibei,https://www.booking.com/hotel/es/habitat-apartments-alibei-barcelona.es.html?from=searchresults#hotelTmpl,Idiomas que se hablan,Francés
584514,0,"8,1",Habitat Apartments Alibei,https://www.booking.com/hotel/es/habitat-apartments-alibei-barcelona.es.html?from=searchresults#hotelTmpl,Idiomas que se hablan,Holandés
584538,0,"8,4",My Address in Barcelona,https://www.booking.com/hotel/es/modernist-apartment-city-centre.es.html?from=searchresults#hotelTmpl,Mascotas,¡Gratis!Se admiten bajo petición. Gratis.
584538,0,"8,4",My Address in Barcelona,https://www.booking.com/hotel/es/modernist-apartment-city-centre.es.html?from=searchresults#hotelTmpl,Comida & bebida,Servicio de entrega de comestiblesDe pago
584538,0,"8,4",My Address in Barcelona,https://www.booking.com/hotel/es/modernist-apartment-city-centre.es.html?from=searchresults#hotelTmpl,Internet,¡Gratis!Hay conexión a internet Wi-Fi disponible en todo el establecimiento. Gratis.
584538,0,"8,4",My Address in Barcelona,https://www.booking.com/hotel/es/modernist-apartment-city-centre.es.html?from=searchresults#hotelTmpl,Aparcamiento,No hay parking.
584538,0,"8,4",My Address in Barcelona,https://www.booking.com/hotel/es/modernist-apartment-city-centre.es.html?from=searchresults#hotelTmpl,Transporte,Servicio de traslado
584538,0,"8,4",My Address in Barcelona,https://www.booking.com/hotel/es/modernist-apartment-city-centre.es.html?from=searchresults#hotelTmpl,Transporte,Tarjetas de transporte públicoDe pago
584538,0,"8,4",My Address in Barcelona,https://www.booking.com/hotel/es/modernist-apartment-city-centre.es.html?from=searchresults#hotelTmpl,Transporte,Traslado aeropuerto (de pago)
584538,0,"8,4",My Address in Barcelona,https://www.booking.com/hotel/es/modernist-apartment-city-centre.es.html?from=searchresults#hotelTmpl,Transporte,Servicio de traslado (de pago)
584538,0,"8,4",My Address in Barcelona,https://www.booking.com/hotel/es/modernist-apartment-city-centre.es.html?from=searchresults#hotelTmpl,Transporte,Alquiler de bicicletas (de pago)
584538,0,"8,4",My Address in Barcelona,https://www.booking.com/hotel/es/modernist-apartment-city-centre.es.html?from=searchresults#hotelTmpl,Servicios de recepción,Entradas para lugares de interés o espectáculosDe pago
584538,0,"8,4",My Address in Barcelona,https://www.booking.com/hotel/es/modernist-apartment-city-centre.es.html?from=searchresults#hotelTmpl,Servicios de recepción,Guardaequipaje
584538,0,"8,4",My Address in Barcelona,https://www.booking.com/hotel/es/modernist-apartment-city-centre.es.html?from=searchresults#hotelTmpl,Servicios de recepción,Venta de entradas
584538,0,"8,4",My Address in Barcelona,https://www.booking.com/hotel/es/modernist-apartment-city-centre.es.html?from=searchresults#hotelTmpl,Servicios de recepción,Información turística
584538,0,"8,4",My Address in Barcelona,https://www.booking.com/hotel/es/modernist-apartment-city-centre.es.html?from=searchresults#hotelTmpl,Servicios de limpieza,Servicio diario de camarera de pisosDe pago
584538,0,"8,4",My Address in Barcelona,https://www.booking.com/hotel/es/modernist-apartment-city-centre.es.html?from=searchresults#hotelTmpl,Instalaciones de negocios,Fax / fotocopiadoraDe pago
584538,0,"8,4",My Address in Barcelona,https://www.booking.com/hotel/es/modernist-apartment-city-centre.es.html?from=searchresults#hotelTmpl,Varios,Zona de fumadores
584538,0,"8,4",My Address in Barcelona,https://www.booking.com/hotel/es/modernist-apartment-city-centre.es.html?from=searchresults#hotelTmpl,Varios,Aire acondicionado
584538,0,"8,4",My Address in Barcelona,https://www.booking.com/hotel/es/modernist-apartment-city-centre.es.html?from=searchresults#hotelTmpl,Varios,Calefacción
584538,0,"8,4",My Address in Barcelona,https://www.booking.com/hotel/es/modernist-apartment-city-centre.es.html?from=searchresults#hotelTmpl,Varios,Ascensor
584538,0,"8,4",My Address in Barcelona,https://www.booking.com/hotel/es/modernist-apartment-city-centre.es.html?from=searchresults#hotelTmpl,Varios,Habitaciones familiares
584538,0,"8,4",My Address in Barcelona,https://www.booking.com/hotel/es/modernist-apartment-city-centre.es.html?from=searchresults#hotelTmpl,Varios,Adaptado personas de movilidad reducida
584538,0,"8,4",My Address in Barcelona,https://www.booking.com/hotel/es/modernist-apartment-city-centre.es.html?from=searchresults#hotelTmpl,Idiomas que se hablan,Inglés
584538,0,"8,4",My Address in Barcelona,https://www.booking.com/hotel/es/modernist-apartment-city-centre.es.html?from=searchresults#hotelTmpl,Idiomas que se hablan,Español
584538,0,"8,4",My Address in Barcelona,https://www.booking.com/hotel/es/modernist-apartment-city-centre.es.html?from=searchresults#hotelTmpl,Idiomas que se hablan,Francés
2934029,0,"8,4",Barceloneta,https://www.booking.com/hotel/es/barceloneta-barcelona1.es.html?from=searchresults#hotelTmpl,Aparcamiento,No hay parking.
2934029,0,"8,4",Barceloneta,https://www.booking.com/hotel/es/barceloneta-barcelona1.es.html?from=searchresults#hotelTmpl,Internet,¡Gratis!Hay conexión a internet Wi-Fi disponible en todo el establecimiento. Gratis.
2934029,0,"8,4",Barceloneta,https://www.booking.com/hotel/es/barceloneta-barcelona1.es.html?from=searchresults#hotelTmpl,Cocina,Productos de limpieza
2934029,0,"8,4",Barceloneta,https://www.booking.com/hotel/es/barceloneta-barcelona1.es.html?from=searchresults#hotelTmpl,Habitación,Cunas o camas para niños
2934029,0,"8,4",Barceloneta,https://www.booking.com/hotel/es/barceloneta-barcelona1.es.html?from=searchresults#hotelTmpl,Baño,Toallas
2934029,0,"8,4",Barceloneta,https://www.booking.com/hotel/es/barceloneta-barcelona1.es.html?from=searchresults#hotelTmpl,Baño,Secador de pelo
2934029,0,"8,4",Barceloneta,https://www.booking.com/hotel/es/barceloneta-barcelona1.es.html?from=searchresults#hotelTmpl,Baño,Gel de ducha
2934029,0,"8,4",Barceloneta,https://www.booking.com/hotel/es/barceloneta-barcelona1.es.html?from=searchresults#hotelTmpl,Baño,Champú
2934029,0,"8,4",Barceloneta,https://www.booking.com/hotel/es/barceloneta-barcelona1.es.html?from=searchresults#hotelTmpl,Baño,Papel higiénico
2934029,0,"8,4",Barceloneta,https://www.booking.com/hotel/es/barceloneta-barcelona1.es.html?from=searchresults#hotelTmpl,Baño,Ropa de cama
2934029,0,"8,4",Barceloneta,https://www.booking.com/hotel/es/barceloneta-barcelona1.es.html?from=searchresults#hotelTmpl,Baño,Baño privado
2934029,0,"8,4",Barceloneta,https://www.booking.com/hotel/es/barceloneta-barcelona1.es.html?from=searchresults#hotelTmpl,Zona de estar,Sofá
2934029,0,"8,4",Barceloneta,https://www.booking.com/hotel/es/barceloneta-barcelona1.es.html?from=searchresults#hotelTmpl,Equipamiento audiovisual y tecnológico,TV de pantalla plana
2934029,0,"8,4",Barceloneta,https://www.booking.com/hotel/es/barceloneta-barcelona1.es.html?from=searchresults#hotelTmpl,Instalaciones de la habitación,Perchero
2934029,0,"8,4",Barceloneta,https://www.booking.com/hotel/es/barceloneta-barcelona1.es.html?from=searchresults#hotelTmpl,Instalaciones de la habitación,Calefacción
2934029,0,"8,4",Barceloneta,https://www.booking.com/hotel/es/barceloneta-barcelona1.es.html?from=searchresults#hotelTmpl,Mascotas,No se admiten.
2934029,0,"8,4",Barceloneta,https://www.booking.com/hotel/es/barceloneta-barcelona1.es.html?from=searchresults#hotelTmpl,Características del edificio,Apartamento privado en edificio
2934029,0,"8,4",Barceloneta,https://www.booking.com/hotel/es/barceloneta-barcelona1.es.html?from=searchresults#hotelTmpl,Varios,Aire acondicionado
2934029,0,"8,4",Barceloneta,https://www.booking.com/hotel/es/barceloneta-barcelona1.es.html?from=searchresults#hotelTmpl,Varios,Prohibido fumar en todo el establecimiento
2934029,0,"8,4",Barceloneta,https://www.booking.com/hotel/es/barceloneta-barcelona1.es.html?from=searchresults#hotelTmpl,Varios,Habitaciones familiares
2934029,0,"8,4",Barceloneta,https://www.booking.com/hotel/es/barceloneta-barcelona1.es.html?from=searchresults#hotelTmpl,Varios,Habitaciones para no fumadores
2934029,0,"8,4",Barceloneta,https://www.booking.com/hotel/es/barceloneta-barcelona1.es.html?from=searchresults#hotelTmpl,Idiomas que se hablan,Alemán
2934029,0,"8,4",Barceloneta,https://www.booking.com/hotel/es/barceloneta-barcelona1.es.html?from=searchresults#hotelTmpl,Idiomas que se hablan,Inglés
2934029,0,"8,4",Barceloneta,https://www.booking.com/hotel/es/barceloneta-barcelona1.es.html?from=searchresults#hotelTmpl,Idiomas que se hablan,Español
291828,0,"8,8",You Stylish City Centre Apartments,https://www.booking.com/hotel/es/you-stylish-city-centre-apartments.es.html?from=searchresults#hotelTmpl,Mascotas,Se admiten bajo petición. Se pueden aplicar suplementos.
291828,0,"8,8",You Stylish City Centre Apartments,https://www.booking.com/hotel/es/you-stylish-city-centre-apartments.es.html?from=searchresults#hotelTmpl,Comida & bebida,Bombones o galletas
291828,0,"8,8",You Stylish City Centre Apartments,https://www.booking.com/hotel/es/you-stylish-city-centre-apartments.es.html?from=searchresults#hotelTmpl,Comida & bebida,Botella de agua
291828,0,"8,8",You Stylish City Centre Apartments,https://www.booking.com/hotel/es/you-stylish-city-centre-apartments.es.html?from=searchresults#hotelTmpl,Comida & bebida,¡Buen café!
291828,0,"8,8",You Stylish City Centre Apartments,https://www.booking.com/hotel/es/you-stylish-city-centre-apartments.es.html?from=searchresults#hotelTmpl,Internet,¡Gratis!Hay conexión a internet Wi-Fi disponible en las habitaciones. Gratis.
291828,0,"8,8",You Stylish City Centre Apartments,https://www.booking.com/hotel/es/you-stylish-city-centre-apartments.es.html?from=searchresults#hotelTmpl,Aparcamiento,Hay parking público  en las inmediaciones. No es necesario reservar. Precio:  20 EUR por  día .
291828,0,"8,8",You Stylish City Centre Apartments,https://www.booking.com/hotel/es/you-stylish-city-centre-apartments.es.html?from=searchresults#hotelTmpl,Transporte,Servicio de traslado
291828,0,"8,8",You Stylish City Centre Apartments,https://www.booking.com/hotel/es/you-stylish-city-centre-apartments.es.html?from=searchresults#hotelTmpl,Transporte,Traslado aeropuerto (de pago)
291828,0,"8,8",You Stylish City Centre Apartments,https://www.booking.com/hotel/es/you-stylish-city-centre-apartments.es.html?from=searchresults#hotelTmpl,Transporte,Servicio de traslado (de pago)
291828,0,"8,8",You Stylish City Centre Apartments,https://www.booking.com/hotel/es/you-stylish-city-centre-apartments.es.html?from=searchresults#hotelTmpl,Transporte,Alquiler de coches
291828,0,"8,8",You Stylish City Centre Apartments,https://www.booking.com/hotel/es/you-stylish-city-centre-apartments.es.html?from=searchresults#hotelTmpl,Transporte,Alquiler de bicicletas (de pago)
291828,0,"8,8",You Stylish City Centre Apartments,https://www.booking.com/hotel/es/you-stylish-city-centre-apartments.es.html?from=searchresults#hotelTmpl,Servicios de recepción,Información turística
291828,0,"8,8",You Stylish City Centre Apartments,https://www.booking.com/hotel/es/you-stylish-city-centre-apartments.es.html?from=searchresults#hotelTmpl,Servicios de recepción,Caja fuerte
291828,0,"8,8",You Stylish City Centre Apartments,https://www.booking.com/hotel/es/you-stylish-city-centre-apartments.es.html?from=searchresults#hotelTmpl,Varios,Adaptado para sillas de ruedas
291828,0,"8,8",You Stylish City Centre Apartments,https://www.booking.com/hotel/es/you-stylish-city-centre-apartments.es.html?from=searchresults#hotelTmpl,Varios,Aire acondicionado
291828,0,"8,8",You Stylish City Centre Apartments,https://www.booking.com/hotel/es/you-stylish-city-centre-apartments.es.html?from=searchresults#hotelTmpl,Varios,Prohibido fumar en todo el establecimiento
291828,0,"8,8",You Stylish City Centre Apartments,https://www.booking.com/hotel/es/you-stylish-city-centre-apartments.es.html?from=searchresults#hotelTmpl,Varios,Habitaciones hipoalergénicas
291828,0,"8,8",You Stylish City Centre Apartments,https://www.booking.com/hotel/es/you-stylish-city-centre-apartments.es.html?from=searchresults#hotelTmpl,Varios,Calefacción
291828,0,"8,8",You Stylish City Centre Apartments,https://www.booking.com/hotel/es/you-stylish-city-centre-apartments.es.html?from=searchresults#hotelTmpl,Varios,Ascensor
291828,0,"8,8",You Stylish City Centre Apartments,https://www.booking.com/hotel/es/you-stylish-city-centre-apartments.es.html?from=searchresults#hotelTmpl,Varios,Habitaciones familiares
291828,0,"8,8",You Stylish City Centre Apartments,https://www.booking.com/hotel/es/you-stylish-city-centre-apartments.es.html?from=searchresults#hotelTmpl,Varios,Adaptado personas de movilidad reducida
291828,0,"8,8",You Stylish City Centre Apartments,https://www.booking.com/hotel/es/you-stylish-city-centre-apartments.es.html?from=searchresults#hotelTmpl,Varios,Habitaciones para no fumadores
291828,0,"8,8",You Stylish City Centre Apartments,https://www.booking.com/hotel/es/you-stylish-city-centre-apartments.es.html?from=searchresults#hotelTmpl,Idiomas que se hablan,Catalán
291828,0,"8,8",You Stylish City Centre Apartments,https://www.booking.com/hotel/es/you-stylish-city-centre-apartments.es.html?from=searchresults#hotelTmpl,Idiomas que se hablan,Alemán
291828,0,"8,8",You Stylish City Centre Apartments,https://www.booking.com/hotel/es/you-stylish-city-centre-apartments.es.html?from=searchresults#hotelTmpl,Idiomas que se hablan,Inglés
291828,0,"8,8",You Stylish City Centre Apartments,https://www.booking.com/hotel/es/you-stylish-city-centre-apartments.es.html?from=searchresults#hotelTmpl,Idiomas que se hablan,Español
291828,0,"8,8",You Stylish City Centre Apartments,https://www.booking.com/hotel/es/you-stylish-city-centre-apartments.es.html?from=searchresults#hotelTmpl,Idiomas que se hablan,Francés
291828,0,"8,8",You Stylish City Centre Apartments,https://www.booking.com/hotel/es/you-stylish-city-centre-apartments.es.html?from=searchresults#hotelTmpl,Idiomas que se hablan,Portugués
291828,0,"8,8",You Stylish City Centre Apartments,https://www.booking.com/hotel/es/you-stylish-city-centre-apartments.es.html?from=searchresults#hotelTmpl,Idiomas que se hablan,Ruso
1565008,0,"7,8",Ronda Sant Pere with Terrace,https://www.booking.com/hotel/es/ronda-sant-pere-i.es.html?from=searchresults#hotelTmpl,Aparcamiento,Hay parking público  en las inmediaciones. No es necesario reservar. Precio:  4 EUR por  hora .
1565008,0,"7,8",Ronda Sant Pere with Terrace,https://www.booking.com/hotel/es/ronda-sant-pere-i.es.html?from=searchresults#hotelTmpl,Aparcamiento,Parking en la calle
1565008,0,"7,8",Ronda Sant Pere with Terrace,https://www.booking.com/hotel/es/ronda-sant-pere-i.es.html?from=searchresults#hotelTmpl,Internet,¡Gratis!Hay conexión a internet Wi-Fi disponible en todo el establecimiento. Gratis.
1565008,0,"7,8",Ronda Sant Pere with Terrace,https://www.booking.com/hotel/es/ronda-sant-pere-i.es.html?from=searchresults#hotelTmpl,Cocina,Copas de vino
1565008,0,"7,8",Ronda Sant Pere with Terrace,https://www.booking.com/hotel/es/ronda-sant-pere-i.es.html?from=searchresults#hotelTmpl,Cocina,Trona
1565008,0,"7,8",Ronda Sant Pere with Terrace,https://www.booking.com/hotel/es/ronda-sant-pere-i.es.html?from=searchresults#hotelTmpl,Cocina,Cafetera
1565008,0,"7,8",Ronda Sant Pere with Terrace,https://www.booking.com/hotel/es/ronda-sant-pere-i.es.html?from=searchresults#hotelTmpl,Cocina,Productos de limpieza
1565008,0,"7,8",Ronda Sant Pere with Terrace,https://www.booking.com/hotel/es/ronda-sant-pere-i.es.html?from=searchresults#hotelTmpl,Cocina,Fogones
1565008,0,"7,8",Ronda Sant Pere with Terrace,https://www.booking.com/hotel/es/ronda-sant-pere-i.es.html?from=searchresults#hotelTmpl,Cocina,Utensilios de cocina
1565008,0,"7,8",Ronda Sant Pere with Terrace,https://www.booking.com/hotel/es/ronda-sant-pere-i.es.html?from=searchresults#hotelTmpl,Cocina,Hervidor eléctrico
1565008,0,"7,8",Ronda Sant Pere with Terrace,https://www.booking.com/hotel/es/ronda-sant-pere-i.es.html?from=searchresults#hotelTmpl,Cocina,Lavadora
1565008,0,"7,8",Ronda Sant Pere with Terrace,https://www.booking.com/hotel/es/ronda-sant-pere-i.es.html?from=searchresults#hotelTmpl,Cocina,Microondas
1565008,0,"7,8",Ronda Sant Pere with Terrace,https://www.booking.com/hotel/es/ronda-sant-pere-i.es.html?from=searchresults#hotelTmpl,Cocina,Nevera
1565008,0,"7,8",Ronda Sant Pere with Terrace,https://www.booking.com/hotel/es/ronda-sant-pere-i.es.html?from=searchresults#hotelTmpl,Habitación,Cunas o camas para niños
1565008,0,"7,8",Ronda Sant Pere with Terrace,https://www.booking.com/hotel/es/ronda-sant-pere-i.es.html?from=searchresults#hotelTmpl,Habitación,Armario
1565008,0,"7,8",Ronda Sant Pere with Terrace,https://www.booking.com/hotel/es/ronda-sant-pere-i.es.html?from=searchresults#hotelTmpl,Baño,Toallas
1565008,0,"7,8",Ronda Sant Pere with Terrace,https://www.booking.com/hotel/es/ronda-sant-pere-i.es.html?from=searchresults#hotelTmpl,Baño,Artículos de aseo gratis
1565008,0,"7,8",Ronda Sant Pere with Terrace,https://www.booking.com/hotel/es/ronda-sant-pere-i.es.html?from=searchresults#hotelTmpl,Baño,Secador de pelo
1565008,0,"7,8",Ronda Sant Pere with Terrace,https://www.booking.com/hotel/es/ronda-sant-pere-i.es.html?from=searchresults#hotelTmpl,Baño,Ducha
1565008,0,"7,8",Ronda Sant Pere with Terrace,https://www.booking.com/hotel/es/ronda-sant-pere-i.es.html?from=searchresults#hotelTmpl,Baño,Gel de ducha
1565008,0,"7,8",Ronda Sant Pere with Terrace,https://www.booking.com/hotel/es/ronda-sant-pere-i.es.html?from=searchresults#hotelTmpl,Baño,Acondicionador
1565008,0,"7,8",Ronda Sant Pere with Terrace,https://www.booking.com/hotel/es/ronda-sant-pere-i.es.html?from=searchresults#hotelTmpl,Baño,Champú
1565008,0,"7,8",Ronda Sant Pere with Terrace,https://www.booking.com/hotel/es/ronda-sant-pere-i.es.html?from=searchresults#hotelTmpl,Baño,Ducha a ras de suelo
1565008,0,"7,8",Ronda Sant Pere with Terrace,https://www.booking.com/hotel/es/ronda-sant-pere-i.es.html?from=searchresults#hotelTmpl,Baño,Papel higiénico
1565008,0,"7,8",Ronda Sant Pere with Terrace,https://www.booking.com/hotel/es/ronda-sant-pere-i.es.html?from=searchresults#hotelTmpl,Baño,Ropa de cama
1565008,0,"7,8",Ronda Sant Pere with Terrace,https://www.booking.com/hotel/es/ronda-sant-pere-i.es.html?from=searchresults#hotelTmpl,Baño,Bañera o ducha
1565008,0,"7,8",Ronda Sant Pere with Terrace,https://www.booking.com/hotel/es/ronda-sant-pere-i.es.html?from=searchresults#hotelTmpl,Baño,Baño privado
1565008,0,"7,8",Ronda Sant Pere with Terrace,https://www.booking.com/hotel/es/ronda-sant-pere-i.es.html?from=searchresults#hotelTmpl,Zona de estar,Zona de comedor
1565008,0,"7,8",Ronda Sant Pere with Terrace,https://www.booking.com/hotel/es/ronda-sant-pere-i.es.html?from=searchresults#hotelTmpl,Zona de estar,Sofá
1565008,0,"7,8",Ronda Sant Pere with Terrace,https://www.booking.com/hotel/es/ronda-sant-pere-i.es.html?from=searchresults#hotelTmpl,Zona de estar,Zona de estar
1565008,0,"7,8",Ronda Sant Pere with Terrace,https://www.booking.com/hotel/es/ronda-sant-pere-i.es.html?from=searchresults#hotelTmpl,Equipamiento audiovisual y tecnológico,TV de pantalla plana
1565008,0,"7,8",Ronda Sant Pere with Terrace,https://www.booking.com/hotel/es/ronda-sant-pere-i.es.html?from=searchresults#hotelTmpl,Equipamiento audiovisual y tecnológico,TV
1565008,0,"7,8",Ronda Sant Pere with Terrace,https://www.booking.com/hotel/es/ronda-sant-pere-i.es.html?from=searchresults#hotelTmpl,Instalaciones de la habitación,Plancha para ropa
1565008,0,"7,8",Ronda Sant Pere with Terrace,https://www.booking.com/hotel/es/ronda-sant-pere-i.es.html?from=searchresults#hotelTmpl,Instalaciones de la habitación,Almohada sin plumas
1565008,0,"7,8",Ronda Sant Pere with Terrace,https://www.booking.com/hotel/es/ronda-sant-pere-i.es.html?from=searchresults#hotelTmpl,Instalaciones de la habitación,Enchufe cerca de la cama
1565008,0,"7,8",Ronda Sant Pere with Terrace,https://www.booking.com/hotel/es/ronda-sant-pere-i.es.html?from=searchresults#hotelTmpl,Instalaciones de la habitación,Sofá cama
1565008,0,"7,8",Ronda Sant Pere with Terrace,https://www.booking.com/hotel/es/ronda-sant-pere-i.es.html?from=searchresults#hotelTmpl,Instalaciones de la habitación,Tendedero portátil
1565008,0,"7,8",Ronda Sant Pere with Terrace,https://www.booking.com/hotel/es/ronda-sant-pere-i.es.html?from=searchresults#hotelTmpl,Instalaciones de la habitación,Perchero
1565008,0,"7,8",Ronda Sant Pere with Terrace,https://www.booking.com/hotel/es/ronda-sant-pere-i.es.html?from=searchresults#hotelTmpl,Instalaciones de la habitación,Suelo de madera o parquet
1565008,0,"7,8",Ronda Sant Pere with Terrace,https://www.booking.com/hotel/es/ronda-sant-pere-i.es.html?from=searchresults#hotelTmpl,Instalaciones de la habitación,Equipo de planchado
1565008,0,"7,8",Ronda Sant Pere with Terrace,https://www.booking.com/hotel/es/ronda-sant-pere-i.es.html?from=searchresults#hotelTmpl,Instalaciones de la habitación,Plancha para pantalones
1565008,0,"7,8",Ronda Sant Pere with Terrace,https://www.booking.com/hotel/es/ronda-sant-pere-i.es.html?from=searchresults#hotelTmpl,Mascotas,Se admiten bajo petición. Se pueden aplicar suplementos.
1565008,0,"7,8",Ronda Sant Pere with Terrace,https://www.booking.com/hotel/es/ronda-sant-pere-i.es.html?from=searchresults#hotelTmpl,Accesibilidad,Acceso en ascensor
1565008,0,"7,8",Ronda Sant Pere with Terrace,https://www.booking.com/hotel/es/ronda-sant-pere-i.es.html?from=searchresults#hotelTmpl,Accesibilidad,Acceso a pisos superiores en ascensor
1565008,0,"7,8",Ronda Sant Pere with Terrace,https://www.booking.com/hotel/es/ronda-sant-pere-i.es.html?from=searchresults#hotelTmpl,Exteriores,Patio
1565008,0,"7,8",Ronda Sant Pere with Terrace,https://www.booking.com/hotel/es/ronda-sant-pere-i.es.html?from=searchresults#hotelTmpl,Exteriores,Terraza
1565008,0,"7,8",Ronda Sant Pere with Terrace,https://www.booking.com/hotel/es/ronda-sant-pere-i.es.html?from=searchresults#hotelTmpl,Comida & bebida,Tetera / cafetera
1565008,0,"7,8",Ronda Sant Pere with Terrace,https://www.booking.com/hotel/es/ronda-sant-pere-i.es.html?from=searchresults#hotelTmpl,Actividades,Playa
1565008,0,"7,8",Ronda Sant Pere with Terrace,https://www.booking.com/hotel/es/ronda-sant-pere-i.es.html?from=searchresults#hotelTmpl,Características del edificio,Apartamento privado en edificio
1565008,0,"7,8",Ronda Sant Pere with Terrace,https://www.booking.com/hotel/es/ronda-sant-pere-i.es.html?from=searchresults#hotelTmpl,Características del edificio,Adosado
1565008,0,"7,8",Ronda Sant Pere with Terrace,https://www.booking.com/hotel/es/ronda-sant-pere-i.es.html?from=searchresults#hotelTmpl,Vistas y exteriores,Vistas a un patio interior
1565008,0,"7,8",Ronda Sant Pere with Terrace,https://www.booking.com/hotel/es/ronda-sant-pere-i.es.html?from=searchresults#hotelTmpl,Vistas y exteriores,Vistas a la ciudad
1565008,0,"7,8",Ronda Sant Pere with Terrace,https://www.booking.com/hotel/es/ronda-sant-pere-i.es.html?from=searchresults#hotelTmpl,Vistas y exteriores,Vistas a un lugar de interés
1565008,0,"7,8",Ronda Sant Pere with Terrace,https://www.booking.com/hotel/es/ronda-sant-pere-i.es.html?from=searchresults#hotelTmpl,Vistas y exteriores,Vistas
1565008,0,"7,8",Ronda Sant Pere with Terrace,https://www.booking.com/hotel/es/ronda-sant-pere-i.es.html?from=searchresults#hotelTmpl,Transporte,Servicio de traslado
1565008,0,"7,8",Ronda Sant Pere with Terrace,https://www.booking.com/hotel/es/ronda-sant-pere-i.es.html?from=searchresults#hotelTmpl,Transporte,Traslado aeropuerto (de pago)
1565008,0,"7,8",Ronda Sant Pere with Terrace,https://www.booking.com/hotel/es/ronda-sant-pere-i.es.html?from=searchresults#hotelTmpl,Transporte,Servicio de traslado (de pago)
1565008,0,"7,8",Ronda Sant Pere with Terrace,https://www.booking.com/hotel/es/ronda-sant-pere-i.es.html?from=searchresults#hotelTmpl,Oferta de ocio y servicios para familias,Canales de TV para niños
1565008,0,"7,8",Ronda Sant Pere with Terrace,https://www.booking.com/hotel/es/ronda-sant-pere-i.es.html?from=searchresults#hotelTmpl,Servicios de limpieza,Plancha para pantalones
1565008,0,"7,8",Ronda Sant Pere with Terrace,https://www.booking.com/hotel/es/ronda-sant-pere-i.es.html?from=searchresults#hotelTmpl,Varios,Aire acondicionado
1565008,0,"7,8",Ronda Sant Pere with Terrace,https://www.booking.com/hotel/es/ronda-sant-pere-i.es.html?from=searchresults#hotelTmpl,Varios,Prohibido fumar en todo el establecimiento
1565008,0,"7,8",Ronda Sant Pere with Terrace,https://www.booking.com/hotel/es/ronda-sant-pere-i.es.html?from=searchresults#hotelTmpl,Varios,Calefacción
1565008,0,"7,8",Ronda Sant Pere with Terrace,https://www.booking.com/hotel/es/ronda-sant-pere-i.es.html?from=searchresults#hotelTmpl,Varios,Ascensor
1565008,0,"7,8",Ronda Sant Pere with Terrace,https://www.booking.com/hotel/es/ronda-sant-pere-i.es.html?from=searchresults#hotelTmpl,Varios,Habitaciones para no fumadores
1565008,0,"7,8",Ronda Sant Pere with Terrace,https://www.booking.com/hotel/es/ronda-sant-pere-i.es.html?from=searchresults#hotelTmpl,Idiomas que se hablan,Inglés
1565008,0,"7,8",Ronda Sant Pere with Terrace,https://www.booking.com/hotel/es/ronda-sant-pere-i.es.html?from=searchresults#hotelTmpl,Idiomas que se hablan,Español
1565008,0,"7,8",Ronda Sant Pere with Terrace,https://www.booking.com/hotel/es/ronda-sant-pere-i.es.html?from=searchresults#hotelTmpl,Idiomas que se hablan,Francés
1565008,0,"7,8",Ronda Sant Pere with Terrace,https://www.booking.com/hotel/es/ronda-sant-pere-i.es.html?from=searchresults#hotelTmpl,Idiomas que se hablan,Italiano
1120496,0,"7,4",AB Paral·lel Spacious Apartments,https://www.booking.com/hotel/es/apartment-barcelona-paral-lel-spacious.es.html?from=searchresults#hotelTmpl,Exteriores,Terraza / solárium
1120496,0,"7,4",AB Paral·lel Spacious Apartments,https://www.booking.com/hotel/es/apartment-barcelona-paral-lel-spacious.es.html?from=searchresults#hotelTmpl,Exteriores,Terraza
1120496,0,"7,4",AB Paral·lel Spacious Apartments,https://www.booking.com/hotel/es/apartment-barcelona-paral-lel-spacious.es.html?from=searchresults#hotelTmpl,Mascotas,No se admiten.
1120496,0,"7,4",AB Paral·lel Spacious Apartments,https://www.booking.com/hotel/es/apartment-barcelona-paral-lel-spacious.es.html?from=searchresults#hotelTmpl,Internet,¡Gratis!Hay conexión a internet Wi-Fi disponible en todo el establecimiento. Gratis.
1120496,0,"7,4",AB Paral·lel Spacious Apartments,https://www.booking.com/hotel/es/apartment-barcelona-paral-lel-spacious.es.html?from=searchresults#hotelTmpl,Aparcamiento,No hay parking.
1120496,0,"7,4",AB Paral·lel Spacious Apartments,https://www.booking.com/hotel/es/apartment-barcelona-paral-lel-spacious.es.html?from=searchresults#hotelTmpl,Servicios de recepción,Recepción 24 horas
1120496,0,"7,4",AB Paral·lel Spacious Apartments,https://www.booking.com/hotel/es/apartment-barcelona-paral-lel-spacious.es.html?from=searchresults#hotelTmpl,Servicios de limpieza,Servicio de planchadoDe pago
1120496,0,"7,4",AB Paral·lel Spacious Apartments,https://www.booking.com/hotel/es/apartment-barcelona-paral-lel-spacious.es.html?from=searchresults#hotelTmpl,Servicios de limpieza,Servicio de limpieza en secoDe pago
1120496,0,"7,4",AB Paral·lel Spacious Apartments,https://www.booking.com/hotel/es/apartment-barcelona-paral-lel-spacious.es.html?from=searchresults#hotelTmpl,Varios,Aire acondicionado
1120496,0,"7,4",AB Paral·lel Spacious Apartments,https://www.booking.com/hotel/es/apartment-barcelona-paral-lel-spacious.es.html?from=searchresults#hotelTmpl,Varios,Prohibido fumar en todo el establecimiento
1120496,0,"7,4",AB Paral·lel Spacious Apartments,https://www.booking.com/hotel/es/apartment-barcelona-paral-lel-spacious.es.html?from=searchresults#hotelTmpl,Varios,Calefacción
1120496,0,"7,4",AB Paral·lel Spacious Apartments,https://www.booking.com/hotel/es/apartment-barcelona-paral-lel-spacious.es.html?from=searchresults#hotelTmpl,Varios,Habitaciones familiares
1120496,0,"7,4",AB Paral·lel Spacious Apartments,https://www.booking.com/hotel/es/apartment-barcelona-paral-lel-spacious.es.html?from=searchresults#hotelTmpl,Idiomas que se hablan,Árabe
1120496,0,"7,4",AB Paral·lel Spacious Apartments,https://www.booking.com/hotel/es/apartment-barcelona-paral-lel-spacious.es.html?from=searchresults#hotelTmpl,Idiomas que se hablan,Catalán
1120496,0,"7,4",AB Paral·lel Spacious Apartments,https://www.booking.com/hotel/es/apartment-barcelona-paral-lel-spacious.es.html?from=searchresults#hotelTmpl,Idiomas que se hablan,Alemán
1120496,0,"7,4",AB Paral·lel Spacious Apartments,https://www.booking.com/hotel/es/apartment-barcelona-paral-lel-spacious.es.html?from=searchresults#hotelTmpl,Idiomas que se hablan,Inglés
1120496,0,"7,4",AB Paral·lel Spacious Apartments,https://www.booking.com/hotel/es/apartment-barcelona-paral-lel-spacious.es.html?from=searchresults#hotelTmpl,Idiomas que se hablan,Español
1120496,0,"7,4",AB Paral·lel Spacious Apartments,https://www.booking.com/hotel/es/apartment-barcelona-paral-lel-spacious.es.html?from=searchresults#hotelTmpl,Idiomas que se hablan,Francés
1120496,0,"7,4",AB Paral·lel Spacious Apartments,https://www.booking.com/hotel/es/apartment-barcelona-paral-lel-spacious.es.html?from=searchresults#hotelTmpl,Idiomas que se hablan,Italiano
1120496,0,"7,4",AB Paral·lel Spacious Apartments,https://www.booking.com/hotel/es/apartment-barcelona-paral-lel-spacious.es.html?from=searchresults#hotelTmpl,Idiomas que se hablan,Holandés
1120496,0,"7,4",AB Paral·lel Spacious Apartments,https://www.booking.com/hotel/es/apartment-barcelona-paral-lel-spacious.es.html?from=searchresults#hotelTmpl,Idiomas que se hablan,Ruso
730585,0,"9,1",Bcn Paseo De Gracia Rocamora Apartment,https://www.booking.com/hotel/es/bcn-paseo-de-gracia-aparment.es.html?from=searchresults#hotelTmpl,Mascotas,No se admiten.
730585,0,"9,1",Bcn Paseo De Gracia Rocamora Apartment,https://www.booking.com/hotel/es/bcn-paseo-de-gracia-aparment.es.html?from=searchresults#hotelTmpl,Internet,¡Gratis!Hay conexión a internet Wi-Fi disponible en todo el establecimiento. Gratis.
730585,0,"9,1",Bcn Paseo De Gracia Rocamora Apartment,https://www.booking.com/hotel/es/bcn-paseo-de-gracia-aparment.es.html?from=searchresults#hotelTmpl,Aparcamiento,No hay parking.
730585,0,"9,1",Bcn Paseo De Gracia Rocamora Apartment,https://www.booking.com/hotel/es/bcn-paseo-de-gracia-aparment.es.html?from=searchresults#hotelTmpl,Servicios de recepción,Caja fuerte
730585,0,"9,1",Bcn Paseo De Gracia Rocamora Apartment,https://www.booking.com/hotel/es/bcn-paseo-de-gracia-aparment.es.html?from=searchresults#hotelTmpl,Varios,Aire acondicionado
730585,0,"9,1",Bcn Paseo De Gracia Rocamora Apartment,https://www.booking.com/hotel/es/bcn-paseo-de-gracia-aparment.es.html?from=searchresults#hotelTmpl,Varios,Prohibido fumar en todo el establecimiento
730585,0,"9,1",Bcn Paseo De Gracia Rocamora Apartment,https://www.booking.com/hotel/es/bcn-paseo-de-gracia-aparment.es.html?from=searchresults#hotelTmpl,Varios,Calefacción
730585,0,"9,1",Bcn Paseo De Gracia Rocamora Apartment,https://www.booking.com/hotel/es/bcn-paseo-de-gracia-aparment.es.html?from=searchresults#hotelTmpl,Varios,Ascensor
730585,0,"9,1",Bcn Paseo De Gracia Rocamora Apartment,https://www.booking.com/hotel/es/bcn-paseo-de-gracia-aparment.es.html?from=searchresults#hotelTmpl,Varios,Habitaciones familiares
730585,0,"9,1",Bcn Paseo De Gracia Rocamora Apartment,https://www.booking.com/hotel/es/bcn-paseo-de-gracia-aparment.es.html?from=searchresults#hotelTmpl,Idiomas que se hablan,Inglés
730585,0,"9,1",Bcn Paseo De Gracia Rocamora Apartment,https://www.booking.com/hotel/es/bcn-paseo-de-gracia-aparment.es.html?from=searchresults#hotelTmpl,Idiomas que se hablan,Español
350554,0,"8,5",Blackandwhitehome Poble Nou - Playa,https://www.booking.com/hotel/es/bwh-poble-nou.es.html?from=searchresults#hotelTmpl,Mascotas,No se admiten.
350554,0,"8,5",Blackandwhitehome Poble Nou - Playa,https://www.booking.com/hotel/es/bwh-poble-nou.es.html?from=searchresults#hotelTmpl,Internet,¡Gratis!Hay conexión a internet Wi-Fi disponible en todo el establecimiento. Gratis.
350554,0,"8,5",Blackandwhitehome Poble Nou - Playa,https://www.booking.com/hotel/es/bwh-poble-nou.es.html?from=searchresults#hotelTmpl,Aparcamiento,No hay parking.
350554,0,"8,5",Blackandwhitehome Poble Nou - Playa,https://www.booking.com/hotel/es/bwh-poble-nou.es.html?from=searchresults#hotelTmpl,Transporte,Traslado aeropuerto (de pago)
350554,0,"8,5",Blackandwhitehome Poble Nou - Playa,https://www.booking.com/hotel/es/bwh-poble-nou.es.html?from=searchresults#hotelTmpl,Varios,Aire acondicionado
350554,0,"8,5",Blackandwhitehome Poble Nou - Playa,https://www.booking.com/hotel/es/bwh-poble-nou.es.html?from=searchresults#hotelTmpl,Varios,Prohibido fumar en todo el establecimiento
350554,0,"8,5",Blackandwhitehome Poble Nou - Playa,https://www.booking.com/hotel/es/bwh-poble-nou.es.html?from=searchresults#hotelTmpl,Varios,Habitaciones hipoalergénicas
350554,0,"8,5",Blackandwhitehome Poble Nou - Playa,https://www.booking.com/hotel/es/bwh-poble-nou.es.html?from=searchresults#hotelTmpl,Varios,Habitaciones familiares
350554,0,"8,5",Blackandwhitehome Poble Nou - Playa,https://www.booking.com/hotel/es/bwh-poble-nou.es.html?from=searchresults#hotelTmpl,Varios,Habitaciones para no fumadores
350554,0,"8,5",Blackandwhitehome Poble Nou - Playa,https://www.booking.com/hotel/es/bwh-poble-nou.es.html?from=searchresults#hotelTmpl,Idiomas que se hablan,Inglés
350554,0,"8,5",Blackandwhitehome Poble Nou - Playa,https://www.booking.com/hotel/es/bwh-poble-nou.es.html?from=searchresults#hotelTmpl,Idiomas que se hablan,Español
411710,0,"9,1",Passeig De Gracia Sun,https://www.booking.com/hotel/es/passeig-de-gracia-sun.es.html?from=searchresults#hotelTmpl,Aparcamiento,Hay parking privado  en las inmediaciones. No es necesario reservar. Precio:  26 EUR por  día .
411710,0,"9,1",Passeig De Gracia Sun,https://www.booking.com/hotel/es/passeig-de-gracia-sun.es.html?from=searchresults#hotelTmpl,Internet,¡Gratis!Hay conexión a internet Wi-Fi disponible en todo el establecimiento. Gratis.
411710,0,"9,1",Passeig De Gracia Sun,https://www.booking.com/hotel/es/passeig-de-gracia-sun.es.html?from=searchresults#hotelTmpl,Cocina,Cafetera
411710,0,"9,1",Passeig De Gracia Sun,https://www.booking.com/hotel/es/passeig-de-gracia-sun.es.html?from=searchresults#hotelTmpl,Cocina,Productos de limpieza
411710,0,"9,1",Passeig De Gracia Sun,https://www.booking.com/hotel/es/passeig-de-gracia-sun.es.html?from=searchresults#hotelTmpl,Cocina,Fogones
411710,0,"9,1",Passeig De Gracia Sun,https://www.booking.com/hotel/es/passeig-de-gracia-sun.es.html?from=searchresults#hotelTmpl,Cocina,Horno
411710,0,"9,1",Passeig De Gracia Sun,https://www.booking.com/hotel/es/passeig-de-gracia-sun.es.html?from=searchresults#hotelTmpl,Cocina,Secadora de ropa
411710,0,"9,1",Passeig De Gracia Sun,https://www.booking.com/hotel/es/passeig-de-gracia-sun.es.html?from=searchresults#hotelTmpl,Cocina,Utensilios de cocina
411710,0,"9,1",Passeig De Gracia Sun,https://www.booking.com/hotel/es/passeig-de-gracia-sun.es.html?from=searchresults#hotelTmpl,Cocina,Lavadora
411710,0,"9,1",Passeig De Gracia Sun,https://www.booking.com/hotel/es/passeig-de-gracia-sun.es.html?from=searchresults#hotelTmpl,Cocina,Lavavajillas
411710,0,"9,1",Passeig De Gracia Sun,https://www.booking.com/hotel/es/passeig-de-gracia-sun.es.html?from=searchresults#hotelTmpl,Cocina,Microondas
411710,0,"9,1",Passeig De Gracia Sun,https://www.booking.com/hotel/es/passeig-de-gracia-sun.es.html?from=searchresults#hotelTmpl,Cocina,Nevera
411710,0,"9,1",Passeig De Gracia Sun,https://www.booking.com/hotel/es/passeig-de-gracia-sun.es.html?from=searchresults#hotelTmpl,Habitación,Armario
411710,0,"9,1",Passeig De Gracia Sun,https://www.booking.com/hotel/es/passeig-de-gracia-sun.es.html?from=searchresults#hotelTmpl,Habitación,Vestidor
411710,0,"9,1",Passeig De Gracia Sun,https://www.booking.com/hotel/es/passeig-de-gracia-sun.es.html?from=searchresults#hotelTmpl,Baño,Bidet
411710,0,"9,1",Passeig De Gracia Sun,https://www.booking.com/hotel/es/passeig-de-gracia-sun.es.html?from=searchresults#hotelTmpl,Baño,Secador de pelo
411710,0,"9,1",Passeig De Gracia Sun,https://www.booking.com/hotel/es/passeig-de-gracia-sun.es.html?from=searchresults#hotelTmpl,Baño,Bañera
411710,0,"9,1",Passeig De Gracia Sun,https://www.booking.com/hotel/es/passeig-de-gracia-sun.es.html?from=searchresults#hotelTmpl,Baño,Ducha
411710,0,"9,1",Passeig De Gracia Sun,https://www.booking.com/hotel/es/passeig-de-gracia-sun.es.html?from=searchresults#hotelTmpl,Baño,Baño adicional
411710,0,"9,1",Passeig De Gracia Sun,https://www.booking.com/hotel/es/passeig-de-gracia-sun.es.html?from=searchresults#hotelTmpl,Baño,Baño privado
411710,0,"9,1",Passeig De Gracia Sun,https://www.booking.com/hotel/es/passeig-de-gracia-sun.es.html?from=searchresults#hotelTmpl,Baño,Aseo
411710,0,"9,1",Passeig De Gracia Sun,https://www.booking.com/hotel/es/passeig-de-gracia-sun.es.html?from=searchresults#hotelTmpl,Zona de estar,Zona de comedor
411710,0,"9,1",Passeig De Gracia Sun,https://www.booking.com/hotel/es/passeig-de-gracia-sun.es.html?from=searchresults#hotelTmpl,Zona de estar,Sofá
411710,0,"9,1",Passeig De Gracia Sun,https://www.booking.com/hotel/es/passeig-de-gracia-sun.es.html?from=searchresults#hotelTmpl,Zona de estar,Zona de estar
411710,0,"9,1",Passeig De Gracia Sun,https://www.booking.com/hotel/es/passeig-de-gracia-sun.es.html?from=searchresults#hotelTmpl,Zona de estar,Escritorio
411710,0,"9,1",Passeig De Gracia Sun,https://www.booking.com/hotel/es/passeig-de-gracia-sun.es.html?from=searchresults#hotelTmpl,Equipamiento audiovisual y tecnológico,TV de pantalla plana
411710,0,"9,1",Passeig De Gracia Sun,https://www.booking.com/hotel/es/passeig-de-gracia-sun.es.html?from=searchresults#hotelTmpl,Equipamiento audiovisual y tecnológico,Reproductor de DVD
411710,0,"9,1",Passeig De Gracia Sun,https://www.booking.com/hotel/es/passeig-de-gracia-sun.es.html?from=searchresults#hotelTmpl,Equipamiento audiovisual y tecnológico,Radio
411710,0,"9,1",Passeig De Gracia Sun,https://www.booking.com/hotel/es/passeig-de-gracia-sun.es.html?from=searchresults#hotelTmpl,Instalaciones de la habitación,Plancha para ropa
411710,0,"9,1",Passeig De Gracia Sun,https://www.booking.com/hotel/es/passeig-de-gracia-sun.es.html?from=searchresults#hotelTmpl,Instalaciones de la habitación,Hipoalergénico
411710,0,"9,1",Passeig De Gracia Sun,https://www.booking.com/hotel/es/passeig-de-gracia-sun.es.html?from=searchresults#hotelTmpl,Instalaciones de la habitación,Suelo de madera o parquet
411710,0,"9,1",Passeig De Gracia Sun,https://www.booking.com/hotel/es/passeig-de-gracia-sun.es.html?from=searchresults#hotelTmpl,Instalaciones de la habitación,Entrada privada
411710,0,"9,1",Passeig De Gracia Sun,https://www.booking.com/hotel/es/passeig-de-gracia-sun.es.html?from=searchresults#hotelTmpl,Mascotas,Se admiten bajo petición. Se pueden aplicar suplementos.
411710,0,"9,1",Passeig De Gracia Sun,https://www.booking.com/hotel/es/passeig-de-gracia-sun.es.html?from=searchresults#hotelTmpl,Exteriores,Terraza
411710,0,"9,1",Passeig De Gracia Sun,https://www.booking.com/hotel/es/passeig-de-gracia-sun.es.html?from=searchresults#hotelTmpl,Transporte,Servicio de traslado
411710,0,"9,1",Passeig De Gracia Sun,https://www.booking.com/hotel/es/passeig-de-gracia-sun.es.html?from=searchresults#hotelTmpl,Transporte,Traslado aeropuerto (de pago)
411710,0,"9,1",Passeig De Gracia Sun,https://www.booking.com/hotel/es/passeig-de-gracia-sun.es.html?from=searchresults#hotelTmpl,Transporte,Servicio de traslado (de pago)
411710,0,"9,1",Passeig De Gracia Sun,https://www.booking.com/hotel/es/passeig-de-gracia-sun.es.html?from=searchresults#hotelTmpl,Vistas y exteriores,Vistas a la ciudad
411710,0,"9,1",Passeig De Gracia Sun,https://www.booking.com/hotel/es/passeig-de-gracia-sun.es.html?from=searchresults#hotelTmpl,Servicios de recepción,Registro de entrada / salida privado
411710,0,"9,1",Passeig De Gracia Sun,https://www.booking.com/hotel/es/passeig-de-gracia-sun.es.html?from=searchresults#hotelTmpl,Servicios de recepción,Información turística
411710,0,"9,1",Passeig De Gracia Sun,https://www.booking.com/hotel/es/passeig-de-gracia-sun.es.html?from=searchresults#hotelTmpl,Varios,Zona de fumadores
411710,0,"9,1",Passeig De Gracia Sun,https://www.booking.com/hotel/es/passeig-de-gracia-sun.es.html?from=searchresults#hotelTmpl,Varios,Aire acondicionado
411710,0,"9,1",Passeig De Gracia Sun,https://www.booking.com/hotel/es/passeig-de-gracia-sun.es.html?from=searchresults#hotelTmpl,Varios,Calefacción
411710,0,"9,1",Passeig De Gracia Sun,https://www.booking.com/hotel/es/passeig-de-gracia-sun.es.html?from=searchresults#hotelTmpl,Varios,Ascensor
411710,0,"9,1",Passeig De Gracia Sun,https://www.booking.com/hotel/es/passeig-de-gracia-sun.es.html?from=searchresults#hotelTmpl,Varios,Habitaciones familiares
411710,0,"9,1",Passeig De Gracia Sun,https://www.booking.com/hotel/es/passeig-de-gracia-sun.es.html?from=searchresults#hotelTmpl,Varios,Habitaciones para no fumadores
411710,0,"9,1",Passeig De Gracia Sun,https://www.booking.com/hotel/es/passeig-de-gracia-sun.es.html?from=searchresults#hotelTmpl,Idiomas que se hablan,Alemán
411710,0,"9,1",Passeig De Gracia Sun,https://www.booking.com/hotel/es/passeig-de-gracia-sun.es.html?from=searchresults#hotelTmpl,Idiomas que se hablan,Inglés
411710,0,"9,1",Passeig De Gracia Sun,https://www.booking.com/hotel/es/passeig-de-gracia-sun.es.html?from=searchresults#hotelTmpl,Idiomas que se hablan,Español
411710,0,"9,1",Passeig De Gracia Sun,https://www.booking.com/hotel/es/passeig-de-gracia-sun.es.html?from=searchresults#hotelTmpl,Idiomas que se hablan,Francés
411710,0,"9,1",Passeig De Gracia Sun,https://www.booking.com/hotel/es/passeig-de-gracia-sun.es.html?from=searchresults#hotelTmpl,Idiomas que se hablan,Italiano
382628,0,"7,9",Ding Dong Fira Apartments,https://www.booking.com/hotel/es/fira-centric.es.html?from=searchresults#hotelTmpl,Mascotas,No se admiten.
382628,0,"7,9",Ding Dong Fira Apartments,https://www.booking.com/hotel/es/fira-centric.es.html?from=searchresults#hotelTmpl,Internet,¡Gratis!Hay conexión a internet Wi-Fi disponible en todo el establecimiento. Gratis.
382628,0,"7,9",Ding Dong Fira Apartments,https://www.booking.com/hotel/es/fira-centric.es.html?from=searchresults#hotelTmpl,Aparcamiento,Hay parking privado  en las inmediaciones. Es necesario reservar. Precio:  21 EUR por  día .
382628,0,"7,9",Ding Dong Fira Apartments,https://www.booking.com/hotel/es/fira-centric.es.html?from=searchresults#hotelTmpl,Aparcamiento,Parking en un garaje
382628,0,"7,9",Ding Dong Fira Apartments,https://www.booking.com/hotel/es/fira-centric.es.html?from=searchresults#hotelTmpl,Transporte,Alquiler de bicicletas (de pago)
382628,0,"7,9",Ding Dong Fira Apartments,https://www.booking.com/hotel/es/fira-centric.es.html?from=searchresults#hotelTmpl,Servicios de recepción,Guardaequipaje
382628,0,"7,9",Ding Dong Fira Apartments,https://www.booking.com/hotel/es/fira-centric.es.html?from=searchresults#hotelTmpl,Servicios de recepción,Información turística
382628,0,"7,9",Ding Dong Fira Apartments,https://www.booking.com/hotel/es/fira-centric.es.html?from=searchresults#hotelTmpl,Servicios de recepción,Caja fuerteDe pago
382628,0,"7,9",Ding Dong Fira Apartments,https://www.booking.com/hotel/es/fira-centric.es.html?from=searchresults#hotelTmpl,Instalaciones de negocios,Salas de reuniones / banquetesDe pago
382628,0,"7,9",Ding Dong Fira Apartments,https://www.booking.com/hotel/es/fira-centric.es.html?from=searchresults#hotelTmpl,Varios,Prohibido fumar en todo el establecimiento
382628,0,"7,9",Ding Dong Fira Apartments,https://www.booking.com/hotel/es/fira-centric.es.html?from=searchresults#hotelTmpl,Varios,Calefacción
382628,0,"7,9",Ding Dong Fira Apartments,https://www.booking.com/hotel/es/fira-centric.es.html?from=searchresults#hotelTmpl,Varios,Ascensor
382628,0,"7,9",Ding Dong Fira Apartments,https://www.booking.com/hotel/es/fira-centric.es.html?from=searchresults#hotelTmpl,Varios,Habitaciones familiares
382628,0,"7,9",Ding Dong Fira Apartments,https://www.booking.com/hotel/es/fira-centric.es.html?from=searchresults#hotelTmpl,Varios,Habitaciones para no fumadores
382628,0,"7,9",Ding Dong Fira Apartments,https://www.booking.com/hotel/es/fira-centric.es.html?from=searchresults#hotelTmpl,Idiomas que se hablan,Catalán
382628,0,"7,9",Ding Dong Fira Apartments,https://www.booking.com/hotel/es/fira-centric.es.html?from=searchresults#hotelTmpl,Idiomas que se hablan,Inglés
382628,0,"7,9",Ding Dong Fira Apartments,https://www.booking.com/hotel/es/fira-centric.es.html?from=searchresults#hotelTmpl,Idiomas que se hablan,Español
346429,0,"7,5",VivoBarcelona Apartments Salva,https://www.booking.com/hotel/es/vivobarcelona-apartments-salva.es.html?from=searchresults#hotelTmpl,Mascotas,No se admiten.
346429,0,"7,5",VivoBarcelona Apartments Salva,https://www.booking.com/hotel/es/vivobarcelona-apartments-salva.es.html?from=searchresults#hotelTmpl,Internet,¡Gratis!Hay conexión a internet Wi-Fi disponible en las habitaciones. Gratis.
346429,0,"7,5",VivoBarcelona Apartments Salva,https://www.booking.com/hotel/es/vivobarcelona-apartments-salva.es.html?from=searchresults#hotelTmpl,Aparcamiento,No hay parking.
346429,0,"7,5",VivoBarcelona Apartments Salva,https://www.booking.com/hotel/es/vivobarcelona-apartments-salva.es.html?from=searchresults#hotelTmpl,Servicios de recepción,Información turística
346429,0,"7,5",VivoBarcelona Apartments Salva,https://www.booking.com/hotel/es/vivobarcelona-apartments-salva.es.html?from=searchresults#hotelTmpl,Varios,Aire acondicionado
346429,0,"7,5",VivoBarcelona Apartments Salva,https://www.booking.com/hotel/es/vivobarcelona-apartments-salva.es.html?from=searchresults#hotelTmpl,Varios,Calefacción
346429,0,"7,5",VivoBarcelona Apartments Salva,https://www.booking.com/hotel/es/vivobarcelona-apartments-salva.es.html?from=searchresults#hotelTmpl,Varios,Habitaciones familiares
346429,0,"7,5",VivoBarcelona Apartments Salva,https://www.booking.com/hotel/es/vivobarcelona-apartments-salva.es.html?from=searchresults#hotelTmpl,Idiomas que se hablan,Catalán
346429,0,"7,5",VivoBarcelona Apartments Salva,https://www.booking.com/hotel/es/vivobarcelona-apartments-salva.es.html?from=searchresults#hotelTmpl,Idiomas que se hablan,Inglés
346429,0,"7,5",VivoBarcelona Apartments Salva,https://www.booking.com/hotel/es/vivobarcelona-apartments-salva.es.html?from=searchresults#hotelTmpl,Idiomas que se hablan,Español
1250923,0,"8,7",BarcelonaForRent The Central Place,https://www.booking.com/hotel/es/barcelonaforrent-the-central-suites.es.html?from=searchresults#hotelTmpl,Mascotas,No se admiten.
1250923,0,"8,7",BarcelonaForRent The Central Place,https://www.booking.com/hotel/es/barcelonaforrent-the-central-suites.es.html?from=searchresults#hotelTmpl,Internet,¡Gratis!Hay conexión a internet Wi-Fi disponible en todo el establecimiento. Gratis.
1250923,0,"8,7",BarcelonaForRent The Central Place,https://www.booking.com/hotel/es/barcelonaforrent-the-central-suites.es.html?from=searchresults#hotelTmpl,Aparcamiento,Hay parking público  en las inmediaciones. No es necesario reservar. Precio:  25 EUR por  día .
1250923,0,"8,7",BarcelonaForRent The Central Place,https://www.booking.com/hotel/es/barcelonaforrent-the-central-suites.es.html?from=searchresults#hotelTmpl,Transporte,Servicio de traslado
1250923,0,"8,7",BarcelonaForRent The Central Place,https://www.booking.com/hotel/es/barcelonaforrent-the-central-suites.es.html?from=searchresults#hotelTmpl,Transporte,Traslado aeropuerto (de pago)
1250923,0,"8,7",BarcelonaForRent The Central Place,https://www.booking.com/hotel/es/barcelonaforrent-the-central-suites.es.html?from=searchresults#hotelTmpl,Transporte,Servicio de traslado (de pago)
1250923,0,"8,7",BarcelonaForRent The Central Place,https://www.booking.com/hotel/es/barcelonaforrent-the-central-suites.es.html?from=searchresults#hotelTmpl,Instalaciones de wellness,Masaje corporal completo
1250923,0,"8,7",BarcelonaForRent The Central Place,https://www.booking.com/hotel/es/barcelonaforrent-the-central-suites.es.html?from=searchresults#hotelTmpl,Instalaciones de wellness,Masaje de manos
1250923,0,"8,7",BarcelonaForRent The Central Place,https://www.booking.com/hotel/es/barcelonaforrent-the-central-suites.es.html?from=searchresults#hotelTmpl,Instalaciones de wellness,Masaje de cabeza
1250923,0,"8,7",BarcelonaForRent The Central Place,https://www.booking.com/hotel/es/barcelonaforrent-the-central-suites.es.html?from=searchresults#hotelTmpl,Instalaciones de wellness,Masaje en pareja
1250923,0,"8,7",BarcelonaForRent The Central Place,https://www.booking.com/hotel/es/barcelonaforrent-the-central-suites.es.html?from=searchresults#hotelTmpl,Instalaciones de wellness,Masaje de pies
1250923,0,"8,7",BarcelonaForRent The Central Place,https://www.booking.com/hotel/es/barcelonaforrent-the-central-suites.es.html?from=searchresults#hotelTmpl,Instalaciones de wellness,Masaje de cuello
1250923,0,"8,7",BarcelonaForRent The Central Place,https://www.booking.com/hotel/es/barcelonaforrent-the-central-suites.es.html?from=searchresults#hotelTmpl,Instalaciones de wellness,Masaje de espalda
1250923,0,"8,7",BarcelonaForRent The Central Place,https://www.booking.com/hotel/es/barcelonaforrent-the-central-suites.es.html?from=searchresults#hotelTmpl,Instalaciones de wellness,MasajesDe pago
1250923,0,"8,7",BarcelonaForRent The Central Place,https://www.booking.com/hotel/es/barcelonaforrent-the-central-suites.es.html?from=searchresults#hotelTmpl,Servicios de recepción,Guardaequipaje
1250923,0,"8,7",BarcelonaForRent The Central Place,https://www.booking.com/hotel/es/barcelonaforrent-the-central-suites.es.html?from=searchresults#hotelTmpl,Oferta de ocio y servicios para familias,Canguro / servicios para niñosDe pago
1250923,0,"8,7",BarcelonaForRent The Central Place,https://www.booking.com/hotel/es/barcelonaforrent-the-central-suites.es.html?from=searchresults#hotelTmpl,Servicios de limpieza,Servicio diario de camarera de pisosDe pago
1250923,0,"8,7",BarcelonaForRent The Central Place,https://www.booking.com/hotel/es/barcelonaforrent-the-central-suites.es.html?from=searchresults#hotelTmpl,Servicios de limpieza,Servicio de planchadoDe pago
1250923,0,"8,7",BarcelonaForRent The Central Place,https://www.booking.com/hotel/es/barcelonaforrent-the-central-suites.es.html?from=searchresults#hotelTmpl,Servicios de limpieza,Servicio de limpieza en secoDe pago
1250923,0,"8,7",BarcelonaForRent The Central Place,https://www.booking.com/hotel/es/barcelonaforrent-the-central-suites.es.html?from=searchresults#hotelTmpl,Servicios de limpieza,Servicio de lavanderíaDe pago
1250923,0,"8,7",BarcelonaForRent The Central Place,https://www.booking.com/hotel/es/barcelonaforrent-the-central-suites.es.html?from=searchresults#hotelTmpl,Varios,Aire acondicionado
1250923,0,"8,7",BarcelonaForRent The Central Place,https://www.booking.com/hotel/es/barcelonaforrent-the-central-suites.es.html?from=searchresults#hotelTmpl,Varios,Prohibido fumar en todo el establecimiento
1250923,0,"8,7",BarcelonaForRent The Central Place,https://www.booking.com/hotel/es/barcelonaforrent-the-central-suites.es.html?from=searchresults#hotelTmpl,Varios,Calefacción
1250923,0,"8,7",BarcelonaForRent The Central Place,https://www.booking.com/hotel/es/barcelonaforrent-the-central-suites.es.html?from=searchresults#hotelTmpl,Varios,Ascensor
1250923,0,"8,7",BarcelonaForRent The Central Place,https://www.booking.com/hotel/es/barcelonaforrent-the-central-suites.es.html?from=searchresults#hotelTmpl,Varios,Habitaciones familiares
1250923,0,"8,7",BarcelonaForRent The Central Place,https://www.booking.com/hotel/es/barcelonaforrent-the-central-suites.es.html?from=searchresults#hotelTmpl,Varios,Habitaciones para no fumadores
1250923,0,"8,7",BarcelonaForRent The Central Place,https://www.booking.com/hotel/es/barcelonaforrent-the-central-suites.es.html?from=searchresults#hotelTmpl,Idiomas que se hablan,Catalán
1250923,0,"8,7",BarcelonaForRent The Central Place,https://www.booking.com/hotel/es/barcelonaforrent-the-central-suites.es.html?from=searchresults#hotelTmpl,Idiomas que se hablan,Alemán
1250923,0,"8,7",BarcelonaForRent The Central Place,https://www.booking.com/hotel/es/barcelonaforrent-the-central-suites.es.html?from=searchresults#hotelTmpl,Idiomas que se hablan,Inglés
1250923,0,"8,7",BarcelonaForRent The Central Place,https://www.booking.com/hotel/es/barcelonaforrent-the-central-suites.es.html?from=searchresults#hotelTmpl,Idiomas que se hablan,Español
1250923,0,"8,7",BarcelonaForRent The Central Place,https://www.booking.com/hotel/es/barcelonaforrent-the-central-suites.es.html?from=searchresults#hotelTmpl,Idiomas que se hablan,Francés
1250923,0,"8,7",BarcelonaForRent The Central Place,https://www.booking.com/hotel/es/barcelonaforrent-the-central-suites.es.html?from=searchresults#hotelTmpl,Idiomas que se hablan,Italiano
1250923,0,"8,7",BarcelonaForRent The Central Place,https://www.booking.com/hotel/es/barcelonaforrent-the-central-suites.es.html?from=searchresults#hotelTmpl,Idiomas que se hablan,Filipino
429113,0,"9,4",Stay Together Barcelona Apartments,https://www.booking.com/hotel/es/ronda-de-sant-pau-1.es.html?from=searchresults#hotelTmpl,Exteriores,Mobiliario exterior
429113,0,"9,4",Stay Together Barcelona Apartments,https://www.booking.com/hotel/es/ronda-de-sant-pau-1.es.html?from=searchresults#hotelTmpl,Exteriores,Terraza / solárium
429113,0,"9,4",Stay Together Barcelona Apartments,https://www.booking.com/hotel/es/ronda-de-sant-pau-1.es.html?from=searchresults#hotelTmpl,Exteriores,Terraza
429113,0,"9,4",Stay Together Barcelona Apartments,https://www.booking.com/hotel/es/ronda-de-sant-pau-1.es.html?from=searchresults#hotelTmpl,Mascotas,No se admiten.
429113,0,"9,4",Stay Together Barcelona Apartments,https://www.booking.com/hotel/es/ronda-de-sant-pau-1.es.html?from=searchresults#hotelTmpl,Comida & bebida,Botella de agua
429113,0,"9,4",Stay Together Barcelona Apartments,https://www.booking.com/hotel/es/ronda-de-sant-pau-1.es.html?from=searchresults#hotelTmpl,Comida & bebida,¡Café fantástico!
429113,0,"9,4",Stay Together Barcelona Apartments,https://www.booking.com/hotel/es/ronda-de-sant-pau-1.es.html?from=searchresults#hotelTmpl,Internet,¡Gratis!Hay conexión a internet Wi-Fi disponible en todo el establecimiento. Gratis.
429113,0,"9,4",Stay Together Barcelona Apartments,https://www.booking.com/hotel/es/ronda-de-sant-pau-1.es.html?from=searchresults#hotelTmpl,Aparcamiento,Hay parking privado  en las inmediaciones. Es necesario reservar. Precio:  13 EUR por  día .
429113,0,"9,4",Stay Together Barcelona Apartments,https://www.booking.com/hotel/es/ronda-de-sant-pau-1.es.html?from=searchresults#hotelTmpl,Transporte,Traslado aeropuerto (de pago)
429113,0,"9,4",Stay Together Barcelona Apartments,https://www.booking.com/hotel/es/ronda-de-sant-pau-1.es.html?from=searchresults#hotelTmpl,Servicios de recepción,Entradas para lugares de interés o espectáculosDe pago
429113,0,"9,4",Stay Together Barcelona Apartments,https://www.booking.com/hotel/es/ronda-de-sant-pau-1.es.html?from=searchresults#hotelTmpl,Servicios de recepción,Cajero automático en el hotel
429113,0,"9,4",Stay Together Barcelona Apartments,https://www.booking.com/hotel/es/ronda-de-sant-pau-1.es.html?from=searchresults#hotelTmpl,Servicios de recepción,Guardaequipaje
429113,0,"9,4",Stay Together Barcelona Apartments,https://www.booking.com/hotel/es/ronda-de-sant-pau-1.es.html?from=searchresults#hotelTmpl,Servicios de recepción,Información turística
429113,0,"9,4",Stay Together Barcelona Apartments,https://www.booking.com/hotel/es/ronda-de-sant-pau-1.es.html?from=searchresults#hotelTmpl,Servicios de recepción,Caja fuerte
429113,0,"9,4",Stay Together Barcelona Apartments,https://www.booking.com/hotel/es/ronda-de-sant-pau-1.es.html?from=searchresults#hotelTmpl,Oferta de ocio y servicios para familias,Cochecitos de bebé
429113,0,"9,4",Stay Together Barcelona Apartments,https://www.booking.com/hotel/es/ronda-de-sant-pau-1.es.html?from=searchresults#hotelTmpl,Varios,Aire acondicionado
429113,0,"9,4",Stay Together Barcelona Apartments,https://www.booking.com/hotel/es/ronda-de-sant-pau-1.es.html?from=searchresults#hotelTmpl,Varios,Prohibido fumar en todo el establecimiento
429113,0,"9,4",Stay Together Barcelona Apartments,https://www.booking.com/hotel/es/ronda-de-sant-pau-1.es.html?from=searchresults#hotelTmpl,Varios,Calefacción
429113,0,"9,4",Stay Together Barcelona Apartments,https://www.booking.com/hotel/es/ronda-de-sant-pau-1.es.html?from=searchresults#hotelTmpl,Varios,Ascensor
429113,0,"9,4",Stay Together Barcelona Apartments,https://www.booking.com/hotel/es/ronda-de-sant-pau-1.es.html?from=searchresults#hotelTmpl,Varios,Habitaciones familiares
429113,0,"9,4",Stay Together Barcelona Apartments,https://www.booking.com/hotel/es/ronda-de-sant-pau-1.es.html?from=searchresults#hotelTmpl,Varios,Habitaciones para no fumadores
429113,0,"9,4",Stay Together Barcelona Apartments,https://www.booking.com/hotel/es/ronda-de-sant-pau-1.es.html?from=searchresults#hotelTmpl,Idiomas que se hablan,Catalán
429113,0,"9,4",Stay Together Barcelona Apartments,https://www.booking.com/hotel/es/ronda-de-sant-pau-1.es.html?from=searchresults#hotelTmpl,Idiomas que se hablan,Alemán
429113,0,"9,4",Stay Together Barcelona Apartments,https://www.booking.com/hotel/es/ronda-de-sant-pau-1.es.html?from=searchresults#hotelTmpl,Idiomas que se hablan,Inglés
429113,0,"9,4",Stay Together Barcelona Apartments,https://www.booking.com/hotel/es/ronda-de-sant-pau-1.es.html?from=searchresults#hotelTmpl,Idiomas que se hablan,Español
